pos_ref,pos_2
0,0
1,2
2,4
5,5
7,7
8,8
9,9
10,10
11,11
12,12
13,13
14,14
15,16
16,17
18,18
19,19
20,22
23,23
24,24
25,27
26,28
27,34
28,36
29,38
30,40
31,42
32,43
33,44
34,45
35,47
36,48
37,49
38,52
39,54
40,55
42,56
43,57
44,59
45,60
46,61
47,62
48,64
49,66
50,68
52,69
54,70
55,71
56,72
58,73
59,74
60,75
61,76
62,78
63,80
64,81
65,82
66,84
67,85
68,86
69,87
70,90
71,91
72,92
73,93
74,95
75,96
76,98
77,99
78,100
79,101
80,102
81,103
82,111
83,113
84,114
85,115
86,116
87,117
88,118
89,119
90,120
91,121
92,125
93,126
94,129
95,131
96,132
97,133
98,135
99,136
100,138
101,139
102,140
103,144
104,145
105,146
107,147
108,148
109,149
110,150
111,151
112,153
116,154
117,155
121,156
124,157
